{
  "project_info": {
    "project_number": "254237090434",
    "project_id": "yardscape-7c3c5",
    "storage_bucket": "yardscape-7c3c5.appspot.com"
  },
  "client": [
    {
      "client_info": {
        "mobilesdk_app_id": "1:254237090434:android:1f1b877198038ce693ca9b",
        "android_client_info": {
          "package_name": "com.example.yardscapelistingprototype"
        }
      },
      "oauth_client": [
        {
          "client_id": "254237090434-n8bnjqq6tv5fi2pn8agk9m4n2envt0pg.apps.googleusercontent.com",
          "client_type": 3
        }
      ],
      "api_key": [
        {
          "current_key": "AIzaSyDvWfkLulJQRhQpLFqjmf8S0DFLk6Ntckg"
        }
      ],
      "services": {
        "appinvite_service": {
          "other_platform_oauth_client": [
            {
              "client_id": "254237090434-n8bnjqq6tv5fi2pn8agk9m4n2envt0pg.apps.googleusercontent.com",
              "client_type": 3
            }
          ]
        }
      }
    }
  ],
  "configuration_version": "1"
}